{
  "project_info": {
    "project_number": "1023162237163",
    "firebase_url": "https://alpha-pay-afba1.firebaseio.com",
    "project_id": "alpha-pay-afba1",
    "storage_bucket": "alpha-pay-afba1.appspot.com"
  },
  "client": [
    {
      "client_info": {
        "mobilesdk_app_id": "1:1023162237163:android:28b9154050ec5d86ecfeae",
        "android_client_info": {
          "package_name": "com.example.alphapay"
        }
      },
      "oauth_client": [
        {
          "client_id": "1023162237163-d0gs4vuib89n609msamdk223tu72n9b2.apps.googleusercontent.com",
          "client_type": 1,
          "android_info": {
            "package_name": "com.example.alphapay",
            "certificate_hash": "35d5cf69e6f83d3ab99e8af34deee48d8a17c70a"
          }
        },
        {
          "client_id": "1023162237163-0hsmsbgvc21k0nb4dt4vdlr12m4t7qoq.apps.googleusercontent.com",
          "client_type": 3
        }
      ],
      "api_key": [
        {
          "current_key": "AIzaSyBYdckcMWvJRfallatxAKXQxkJn9jjQkQU"
        }
      ],
      "services": {
        "appinvite_service": {
          "other_platform_oauth_client": [
            {
              "client_id": "1023162237163-0hsmsbgvc21k0nb4dt4vdlr12m4t7qoq.apps.googleusercontent.com",
              "client_type": 3
            }
          ]
        }
      }
    }
  ],
  "configuration_version": "1"
}